"Index","Password"
"0","A5v9qu8$"
"1","]npZ_KW%"
"2","?%;tq5Wt"
"3","zyL(r=?8"
"4","{OvJN|}S"
"5","!h&fRvBt"
"6","@3mx+ke6"
"7","H/f022Kk"
"8","}}2Q!H:U"
"9","8vS)|9%o"
"10","t+@+QzSj"
"11","mtTzEZ$>"
"12","^aO.P?pB"
"13","sWa[QS5w"
"14","l#**Q5t3"
"15",")TFFx_n)"
"16","XJ/Nw0{_"
"17","E8_sNy}x"
"18","^QpH=g?I"
"19","Z98yWY0y"
"20","_)[+gFU0"
"21","Wt20=^/u"
"22","(wg}([*w"
"23","jA0hWd4p"
"24","q06*ObM@"
"25","5R7ElOHO"
"26","2-54akEo"
"27","HqumWNp+"
"28","OatbKhcS"
"29","C?]&y;iV"
"30","#L0Z%4Yb"
"31","Y-y.&%#C"
"32","6]ALI+2>"
"33","Q!(aW=f^"
"34","n[bofjZ-"
"35","U82jKM;C"
"36","IL=k]8}["
"37","z|mW]Ew-"
"38","[3>N!p7W"
"39","L4ds#dB."
"40","Do8+9a+b"
"41","%UuyuKP]"
"42","Om9*uPDH"
"43","L^$f@Iq{"
"44","K]7[Xhgj"
"45","OoZks0zz"
"46","0LVogs+*"
"47","OX-9vV)$"
"48","H%mrpKp;"
"49","hJ9BWmGL"
"50","np5aUtam"
"51","yk=w2R*L"
"52","ua]EBcFh"
"53","|i[5}PzO"
"54","{V:Rm6W%"
"55","/3%%3ziz"
"56","v3ht-BU8"
"57","Y[L#oKv["
"58","3CpI]jry"
"59","5:uLv;gJ"
"60","LUSaf@hr"
"61","iWS$@r)|"
"62","OmMgNP*@"
"63","N^Q;:[mL"
"64","Za}!xs*;"
"65","i5S#@MdX"
"66","OKeDyKyu"
"67","LRZG-![c"
"68","|dm=yN]j"
"69",".V}nL{Ua"
"70","9k2[*I}a"
"71","aM3Y?=HY"
"72",">ArZ+mgd"
"73","yv]2SmRJ"
"74","Xoy(7L9F"
"75","0)H8(M*/"
"76","p@uVg*8l"
"77","wa74*pUN"
"78","q6XSY-rO"
"79","Fw=-|nt&"
"80","7JqxRb#p"
"81","9>r6Q^l2"
"82","cW]5AiB-"
"83","X@dvWYff"
"84",")@6I%s$^"
"85","o[.TWqny"
"86","y]hp[gt+"
"87","sfqIkOd]"
"88","6*JdxHC8"
"89","CiZSS]qX"
"90",")PL$p$SB"
"91","0hx|DdoJ"
"92",";a-vGZn?"
"93","VpCGiOju"
"94","Fhf^}QVn"
"95","sTjG=72}"
"96","rQyaRb;0"
"97","xnh%2eeh"
"98","Ip|l{lr6"
"99","GDV1hv.p"
"100","tmcMU9!+"
"101","kJj7ZmoZ"
"102","Ign4NxPu"
"103",")5EmY9S/"
"104","g%C0yraj"
"105","4YD*O*qE"
"106","&OI3{y;@"
"107","REF(A.-R"
"108",";pe7{*P("
"109","ds9q/lBR"
"110","0iX|-wmr"
"111","tEHXgHDk"
"112","l!TBYjPb"
"113","dj%Sv/u)"
"114","/qYkXga|"
"115","zb$t[u0f"
"116","(WUh2DWX"
"117","l0R-lVim"
"118","CopT4sF-"
"119","Bs]myOmg"
"120","UEI5nAKi"
"121","+tvZ*[?|"
"122","dw6+wUt3"
"123",":Oq38jZw"
"124","w-s]siAS"
"125",")kKY.Bjl"
"126","2NgjRUCz"
"127","t:5h=E$O"
"128","H|]{%;y1"
"129","ScyJfJhJ"
"130","OnFtb8:t"
"131","S5^e(uh9"
"132","5Rs[T-I5"
"133","$rQFFgjY"
"134","-zsF{{j!"
"135","L]{qySs0"
"136","pDu$Tj4n"
"137","ZE9GS3HD"
"138","v^VN%|fk"
"139","zqJ0kXN6"
"140","yznq[aD4"
"141","/elI&4#c"
"142","PWEaN;WL"
"143","mfxYwE+@"
"144","yb(o0$%8"
"145","KH^=Z5m$"
"146","t;:wnflZ"
"147","pWQl+$mD"
"148","=YAXZ&{i"
"149","wC@Eg>NF"
"150","N>80n8zE"
"151","w2f[G4r4"
"152","T[FZbI6>"
"153","afg&wOde"
"154","nyhOx[0d"
"155","FJ3s9qYP"
"156","JQ3eAN?8"
"157","R&HrkK8;"
"158","v(xpnz/c"
"159","pA*;4CV="
"160","(8k/YOQ+"
"161","w5JmuaMD"
"162","l]iRQj:J"
"163","X1{oysQ3"
"164","quFx!Wgl"
"165","aahwaPyQ"
"166","pganMGNi"
"167","M)IEhc/:"
"168","GL;@oaum"
"169","bMt*G9^>"
"170","p_)4Wdvz"
"171","P2F}-o;u"
"172","Rq]Z20rf"
"173","m{xlJWoh"
"174","3FY(6Qgi"
"175","8lBm8c#3"
"176","CdW=92k7"
"177","yaBVhIYm"
"178","a9W$U8cc"
"179","]j&%81{0"
"180","?jGkcUC:"
"181","6@s*pED?"
"182","72e42N;w"
"183","L6zgiJ^J"
"184","tARA^gUR"
"185","XmA|;mg^"
"186",";F6jjB%8"
"187","E!m9OC6b"
"188","CJ[Hy=pG"
"189","())Nmr:F"
"190","ZcncmN8}"
"191","RHfKhT]c"
"192","5_+skp$i"
"193","WH|s[9}f"
"194","NJDI}asp"
"195","Kwiog)^U"
"196","sp8U1]Al"
"197","5!14cKt["
"198","})*vw:xx"
"199","/pq}Ml3Z"
